{"schemaVersion":"1.0","appDefinitionTemplate":{"id":"/providers/Microsoft.PowerApps/apps/","type":"Microsoft.PowerApps/apps","tags":{"primaryDeviceWidth":"640","primaryDeviceHeight":"1136","supportsPortrait":"true","supportsLandscape":"true","primaryFormFactor":"Phone","showStatusBar":"false","publisherVersion":"3.25041.10","minimumRequiredApiVersion":"2.2.0","hasComponent":"true","hasUnlockedComponent":"true","isUnifiedRootApp":"false","sienaVersion":"20231203T232503Z-3.23105.18.0"},"properties":{"appVersion":"2025-04-22T20:41:29Z","lifeCycleId":"Published","createdByClientVersion":{"major":3,"minor":25041,"build":10,"revision":0,"majorRevision":0,"minorRevision":0},"minClientVersion":{"major":3,"minor":25041,"build":10,"revision":0,"majorRevision":0,"minorRevision":0},"backgroundColor":"RGBA(0,176,240,1)","backgroundImageUri":"/14344698046318693467/N32ec0374-42a3-4447-beba-2d89445ad8bf-logoSmallFile","displayName":"Nirvana","commitMessage":"","appUris":{"documentUri":{"value":"/14344698046318693467/Nec63b5ea-a6d8-483e-9696-913c00b164db-document.msapp"},"imageUris":[],"additionalUris":[{"isSolutionAware":false,"value":"/14344698046318693467/Nd6c4f03c-b28c-43fd-b91a-20f25112dafd-identity.json"}]},"createdTime":"0001-01-01T00:00:00Z","lastModifiedTime":"0001-01-01T00:00:00Z","sharedGroupsCount":0,"sharedUsersCount":0,"connectionReferences":{"5112e383-8b53-43da-8dc9-da7b70b1cc39":{"id":"2a6c5446-7fd9-4a66-a212-d2213bc6f0ec","displayName":"SQL Server","runtimePolicyName":"dc762edd-0c0e-46d9-8433-6b5acacf908c","executionRestrictions":{"version":2,"modifiedOn":"2025-04-22 20:41:25","appVer":"3.25041.10","apiId":"/providers/microsoft.powerapps/apis/shared_sql","apiVer":2,"policy":"{\"tabularActions\":{\"[dbo].[users]\":[\"post\",\"patch\",\"get\"],\"[dbo].[administrators]\":[\"get\"],\"[dbo].[playlists]\":[\"get\"],\"[dbo].[songs]\":[\"post\",\"patch\",\"get\"],\"[dbo].[userprofiles]\":[\"post\",\"patch\",\"get\"]},\"serviceActions\":[]}"},"iconUri":"https://conn-afd-prod-endpoint-bmc9bqahasf3grgk.b01.azurefd.net/releases/v1.0.1746/1.0.1746.4174/sql/icon.png","dataSources":["Users"],"dependencies":[],"dependents":[],"parameterHints":{},"parameterHintsV2":{},"isOnPremiseConnection":false,"sharedConnectionId":"136214ef-6125-4460-bf79-9a8a63cd03c4","bypassConsent":false,"dataSets":{"projectnirvana.database.windows.net,projectnirvana":{"dataSources":{"Users":{"tableName":"[dbo].[Users]"}}}},"apiTier":"Premium","isCustomApiConnection":false,"authenticationType":"sqlAuthentication","actions":["providers/PowerPlatform.Governance/Operations/Read","providers/PowerPlatform.Governance/Operations/Write"],"endpoints":["projectnirvana.database.windows.net,projectnirvana"]},"4055ef6c-34b0-4580-bc40-e12222c0f7b0":{"id":"2a6c5446-7fd9-4a66-a212-d2213bc6f0ec","displayName":"SQL Server","runtimePolicyName":"4324cac4-33ec-4f4e-8816-b3de9953ef7a","executionRestrictions":{"version":2,"modifiedOn":"2025-04-22 20:41:25","appVer":"3.25041.10","apiId":"/providers/microsoft.powerapps/apis/shared_sql","apiVer":2,"policy":"{\"tabularActions\":{\"[dbo].[users]\":[\"post\",\"patch\",\"get\"],\"[dbo].[administrators]\":[\"get\"],\"[dbo].[playlists]\":[\"get\"],\"[dbo].[songs]\":[\"post\",\"patch\",\"get\"],\"[dbo].[userprofiles]\":[\"post\",\"patch\",\"get\"]},\"serviceActions\":[]}"},"iconUri":"https://conn-afd-prod-endpoint-bmc9bqahasf3grgk.b01.azurefd.net/releases/v1.0.1746/1.0.1746.4174/sql/icon.png","dataSources":["Roles","Analytics","Genres","Playlists","SongGenres","Songs","UserInteractions","UserProfiles","UserRoles"],"dependencies":[],"dependents":[],"parameterHints":{},"parameterHintsV2":{},"isOnPremiseConnection":false,"sharedConnectionId":"90dc2c0f-28e6-4cae-8010-91be0a94bd70","bypassConsent":false,"dataSets":{"projectnirvana.database.windows.net,projectnirvana":{"dataSources":{"Roles":{"tableName":"[dbo].[Roles]"},"Analytics":{"tableName":"[dbo].[Analytics]"},"Genres":{"tableName":"[dbo].[Genres]"},"Playlists":{"tableName":"[dbo].[Playlists]"},"SongGenres":{"tableName":"[dbo].[SongGenres]"},"Songs":{"tableName":"[dbo].[Songs]"},"UserInteractions":{"tableName":"[dbo].[UserInteractions]"},"UserProfiles":{"tableName":"[dbo].[UserProfiles]"},"UserRoles":{"tableName":"[dbo].[UserRoles]"}}}},"apiTier":"Premium","isCustomApiConnection":false,"authenticationType":"sqlAuthentication","actions":["providers/PowerPlatform.Governance/Operations/Read","providers/PowerPlatform.Governance/Operations/Write"],"endpoints":["projectnirvana.database.windows.net,projectnirvana"]},"da991993-e283-49ff-bcfe-f84adde3f29e":{"id":"0b1ce104-9488-43c0-9e31-8ca00560af0a","displayName":"Office 365 Outlook","iconUri":"https://conn-afd-prod-endpoint-bmc9bqahasf3grgk.b01.azurefd.net/releases/v1.0.1747/1.0.1748.4181/office365/icon.png","dataSources":["Office365Outlook"],"dependencies":[],"dependents":[],"parameterHints":{},"parameterHintsV2":{},"isOnPremiseConnection":false,"bypassConsent":false,"dataSets":{},"apiTier":"Standard","isCustomApiConnection":false},"ab858b5e-d665-48de-9d43-de575060e908":{"id":"9adaaaa7-30c5-44a3-852a-03d7e7a2eb72","displayName":"Office 365 Users","iconUri":"https://conn-afd-prod-endpoint-bmc9bqahasf3grgk.b01.azurefd.net/releases/v1.0.1746/1.0.1746.4174/office365users/icon.png","dataSources":["Office365Users"],"dependencies":[],"dependents":[],"parameterHints":{},"parameterHintsV2":{},"isOnPremiseConnection":false,"bypassConsent":false,"dataSets":{},"apiTier":"Standard","isCustomApiConnection":false},"064f71c8-040c-4251-8526-6dda83939a1b":{"id":"2a6c5446-7fd9-4a66-a212-d2213bc6f0ec","displayName":"SQL Server","runtimePolicyName":"8b1e4af7-ccc5-4f36-8f5f-194bbaa74c28","executionRestrictions":{"version":2,"modifiedOn":"2025-04-22 20:41:25","appVer":"3.25041.10","apiId":"/providers/microsoft.powerapps/apis/shared_sql","apiVer":2,"policy":"{\"tabularActions\":{\"[dbo].[users]\":[\"post\",\"patch\",\"get\"],\"[dbo].[administrators]\":[\"get\"],\"[dbo].[playlists]\":[\"get\"],\"[dbo].[songs]\":[\"post\",\"patch\",\"get\"],\"[dbo].[userprofiles]\":[\"post\",\"patch\",\"get\"]},\"serviceActions\":[]}"},"iconUri":"https://conn-afd-prod-endpoint-bmc9bqahasf3grgk.b01.azurefd.net/releases/v1.0.1746/1.0.1746.4174/sql/icon.png","dataSources":["Administrators"],"dependencies":[],"dependents":[],"parameterHints":{},"parameterHintsV2":{},"isOnPremiseConnection":false,"sharedConnectionId":"aaa8d1aa-ffc4-4094-848d-f13b3701fb3e","bypassConsent":false,"dataSets":{"projectnirvana.database.windows.net,projectnirvana":{"dataSources":{"Administrators":{"tableName":"[dbo].[Administrators]"}}}},"apiTier":"Premium","isCustomApiConnection":false,"authenticationType":"sqlAuthentication","actions":["providers/PowerPlatform.Governance/Operations/Read"],"endpoints":["projectnirvana.database.windows.net,projectnirvana"]}},"authorizationReferences":[{"resourceId":"powerbi"}],"databaseReferences":{},"almMode":"Environment","performanceOptimizationEnabled":true,"canConsumeAppPass":true,"enableModernRuntimeMode":false,"executionRestrictions":{"isTeamsOnly":false,"dataLossPreventionEvaluationResult":{"status":"Compliant","lastEvaluationDate":"2023-12-03T23:25:05.9908353Z","violations":[],"violationsByPolicy":[],"violationErrorMessage":"The app uses the following connectors: shared_sql, shared_office365, shared_office365users."}}},"isAppComponentLibrary":false,"appType":"ClassicCanvasApp","appComponents":[]}}